PRAGMA foreign_keys=OFF;
BEGIN TRANSACTION;
CREATE TABLE Courses (
        CourseId INTEGER PRIMARY KEY,
        CourseName TEXT,
        CreditHours INTEGER,
        DepartmentId INTEGER,
        FOREIGN KEY (DepartmentId) REFERENCES Departments(DepartmentId)
    );
INSERT INTO Courses VALUES(1,'Introduction to Programming',3,1);
INSERT INTO Courses VALUES(2,'Database Management',3,1);
INSERT INTO Courses VALUES(3,'Calculus I',4,2);
INSERT INTO Courses VALUES(4,'Linear Algebra',3,2);
INSERT INTO Courses VALUES(5,'Modern Physics',3,3);
INSERT INTO Courses VALUES(6,'English Composition',3,4);
INSERT INTO Courses VALUES(7,'World History',3,5);
INSERT INTO Courses VALUES(8,'Data Structures',4,1);
INSERT INTO Courses VALUES(9,'Algorithms',4,1);
INSERT INTO Courses VALUES(10,'Statistics',3,2);
INSERT INTO Courses VALUES(11,'Discrete Mathematics',3,2);
INSERT INTO Courses VALUES(12,'Quantum Mechanics',4,3);
INSERT INTO Courses VALUES(13,'Thermodynamics',3,3);
INSERT INTO Courses VALUES(14,'Shakespearean Literature',3,4);
INSERT INTO Courses VALUES(15,'American Literature',3,4);
INSERT INTO Courses VALUES(16,'European History',3,5);
INSERT INTO Courses VALUES(17,'Ancient History',3,5);
INSERT INTO Courses VALUES(18,'Computer Networks',3,1);
INSERT INTO Courses VALUES(19,'Software Engineering',4,1);
INSERT INTO Courses VALUES(20,'Number Theory',4,2);
INSERT INTO Courses VALUES(21,'Mathematical Logic',3,2);
INSERT INTO Courses VALUES(22,'Quantum Field Theory',4,3);
INSERT INTO Courses VALUES(23,'Electromagnetism',3,3);
INSERT INTO Courses VALUES(24,'English Literature',3,4);
INSERT INTO Courses VALUES(25,'American Poetry',3,4);
INSERT INTO Courses VALUES(26,'Ancient Civilization',3,5);
INSERT INTO Courses VALUES(27,'Medieval History',3,5);
INSERT INTO Courses VALUES(28,'Cell Biology',3,6);
INSERT INTO Courses VALUES(29,'Genetics',3,6);
INSERT INTO Courses VALUES(30,'Organic Chemistry',4,7);
INSERT INTO Courses VALUES(31,'Inorganic Chemistry',3,7);
INSERT INTO Courses VALUES(32,'Microeconomics',3,8);
INSERT INTO Courses VALUES(33,'Macroeconomics',3,8);
INSERT INTO Courses VALUES(34,'Psychological Research Methods',3,9);
INSERT INTO Courses VALUES(35,'Cognitive Psychology',3,9);
INSERT INTO Courses VALUES(36,'Sociological Theory',3,10);
INSERT INTO Courses VALUES(37,'Social Psychology',3,10);
CREATE TABLE Programs (
        ProgramId INTEGER PRIMARY KEY,
        ProgramName TEXT,
        DepartmentId INTEGER,
        FOREIGN KEY (DepartmentId) REFERENCES Departments(DepartmentId)
    );
INSERT INTO Programs VALUES(1,'Computer Science',1);
INSERT INTO Programs VALUES(2,'Mathematics',2);
INSERT INTO Programs VALUES(3,'Physics',3);
INSERT INTO Programs VALUES(4,'English',4);
INSERT INTO Programs VALUES(5,'History',5);
INSERT INTO Programs VALUES(6,'Biology',6);
INSERT INTO Programs VALUES(7,'Chemistry',7);
INSERT INTO Programs VALUES(8,'Economics',8);
INSERT INTO Programs VALUES(9,'Psychology',9);
INSERT INTO Programs VALUES(10,'Sociology',10);
INSERT INTO Programs VALUES(11,'Business Administration',8);
INSERT INTO Programs VALUES(12,'Political Science',5);
INSERT INTO Programs VALUES(13,'Environmental Science',6);
INSERT INTO Programs VALUES(14,'Art History',5);
INSERT INTO Programs VALUES(15,'Anthropology',10);
INSERT INTO Programs VALUES(16,'Music',4);
INSERT INTO Programs VALUES(17,'Philosophy',7);
INSERT INTO Programs VALUES(18,'Theater Studies',4);
INSERT INTO Programs VALUES(19,'Film and Media Studies',4);
INSERT INTO Programs VALUES(20,'Health Sciences',6);
CREATE TABLE Enrollments (
        EnrollmentId INTEGER PRIMARY KEY,
        StudentId INTEGER,
        CourseId INTEGER,
        EnrollmentDate DATE,
        Grade INTEGER,
        FOREIGN KEY (StudentId) REFERENCES Students(StudentId),
        FOREIGN KEY (CourseId) REFERENCES Courses(CourseId)
    );
INSERT INTO Enrollments VALUES(1,1,15,'2023-05-31',89);
INSERT INTO Enrollments VALUES(4,2,9,'2022-11-08',83);
INSERT INTO Enrollments VALUES(5,2,1,'2023-03-21',34);
INSERT INTO Enrollments VALUES(6,2,4,'2023-03-02',91);
INSERT INTO Enrollments VALUES(7,3,25,'2022-11-30',75);
INSERT INTO Enrollments VALUES(8,3,16,'2023-04-09',3);
INSERT INTO Enrollments VALUES(9,3,27,'2022-11-25',90);
INSERT INTO Enrollments VALUES(10,4,22,'2022-06-22',70);
INSERT INTO Enrollments VALUES(13,5,37,'2022-08-16',74);
INSERT INTO Enrollments VALUES(14,5,10,'2022-08-10',58);
INSERT INTO Enrollments VALUES(15,5,10,'2022-07-29',46);
INSERT INTO Enrollments VALUES(16,6,36,'2022-06-25',34);
INSERT INTO Enrollments VALUES(22,8,34,'2022-08-25',31);
INSERT INTO Enrollments VALUES(23,8,34,'2022-11-10',36);
INSERT INTO Enrollments VALUES(24,8,22,'2023-05-27',46);
INSERT INTO Enrollments VALUES(25,9,16,'2023-04-03',16);
INSERT INTO Enrollments VALUES(26,9,10,'2022-08-21',75);
INSERT INTO Enrollments VALUES(28,10,20,'2022-11-05',87);
INSERT INTO Enrollments VALUES(29,10,2,'2023-02-13',94);
INSERT INTO Enrollments VALUES(30,10,8,'2023-03-29',43);
INSERT INTO Enrollments VALUES(31,11,32,'2023-03-04',17);
INSERT INTO Enrollments VALUES(32,11,3,'2022-10-06',98);
INSERT INTO Enrollments VALUES(34,12,4,'2022-10-11',77);
INSERT INTO Enrollments VALUES(35,12,2,'2022-12-21',39);
INSERT INTO Enrollments VALUES(36,12,14,'2022-10-02',18);
INSERT INTO Enrollments VALUES(37,13,5,'2023-01-06',80);
INSERT INTO Enrollments VALUES(38,13,32,'2022-08-22',12);
INSERT INTO Enrollments VALUES(46,16,1,'2023-01-26',64);
INSERT INTO Enrollments VALUES(47,16,8,'2023-01-15',77);
INSERT INTO Enrollments VALUES(49,17,34,'2022-06-28',83);
INSERT INTO Enrollments VALUES(52,18,4,'2023-01-31',14);
INSERT INTO Enrollments VALUES(53,18,31,'2022-09-04',89);
INSERT INTO Enrollments VALUES(54,18,32,'2023-05-08',95);
INSERT INTO Enrollments VALUES(61,21,1,'2022-08-11',32);
INSERT INTO Enrollments VALUES(62,21,23,'2022-09-27',80);
INSERT INTO Enrollments VALUES(63,21,37,'2022-08-19',86);
INSERT INTO Enrollments VALUES(64,22,19,'2022-12-13',63);
INSERT INTO Enrollments VALUES(67,23,24,'2022-07-19',85);
INSERT INTO Enrollments VALUES(70,24,7,'2022-07-14',22);
INSERT INTO Enrollments VALUES(73,25,15,'2023-03-26',38);
INSERT INTO Enrollments VALUES(74,25,8,'2022-08-17',72);
INSERT INTO Enrollments VALUES(76,26,4,'2023-02-03',33);
INSERT INTO Enrollments VALUES(77,26,2,'2023-04-10',27);
INSERT INTO Enrollments VALUES(78,26,8,'2022-11-04',23);
INSERT INTO Enrollments VALUES(79,27,18,'2023-04-02',97);
INSERT INTO Enrollments VALUES(80,27,7,'2022-10-11',87);
INSERT INTO Enrollments VALUES(81,27,24,'2022-06-18',39);
INSERT INTO Enrollments VALUES(85,29,35,'2023-03-12',73);
INSERT INTO Enrollments VALUES(86,29,14,'2023-02-02',85);
INSERT INTO Enrollments VALUES(87,29,22,'2022-11-04',4);
INSERT INTO Enrollments VALUES(88,30,9,'2022-11-03',45);
INSERT INTO Enrollments VALUES(89,30,12,'2022-10-09',19);
INSERT INTO Enrollments VALUES(91,31,9,'2022-08-12',38);
INSERT INTO Enrollments VALUES(94,32,32,'2022-12-03',83);
INSERT INTO Enrollments VALUES(95,32,19,'2022-12-28',9);
INSERT INTO Enrollments VALUES(96,32,14,'2022-10-19',84);
INSERT INTO Enrollments VALUES(103,35,26,'2023-04-04',40);
INSERT INTO Enrollments VALUES(104,35,15,'2023-02-11',3);
INSERT INTO Enrollments VALUES(106,36,28,'2023-04-19',87);
INSERT INTO Enrollments VALUES(109,37,34,'2023-01-12',86);
INSERT INTO Enrollments VALUES(110,37,24,'2022-09-23',80);
INSERT INTO Enrollments VALUES(115,39,17,'2023-05-26',14);
INSERT INTO Enrollments VALUES(116,39,20,'2022-06-19',46);
INSERT INTO Enrollments VALUES(118,40,19,'2022-10-15',14);
INSERT INTO Enrollments VALUES(121,41,4,'2023-03-20',82);
INSERT INTO Enrollments VALUES(122,41,28,'2023-01-16',83);
INSERT INTO Enrollments VALUES(124,42,17,'2022-08-09',55);
INSERT INTO Enrollments VALUES(125,42,33,'2022-12-28',11);
INSERT INTO Enrollments VALUES(127,43,8,'2023-01-10',22);
INSERT INTO Enrollments VALUES(128,43,25,'2022-10-30',71);
INSERT INTO Enrollments VALUES(129,43,19,'2022-11-13',95);
INSERT INTO Enrollments VALUES(130,44,35,'2023-03-22',18);
INSERT INTO Enrollments VALUES(131,44,23,'2023-01-15',NULL);
INSERT INTO Enrollments VALUES(132,44,12,'2022-08-26',42);
INSERT INTO Enrollments VALUES(133,45,5,'2023-05-20',NULL);
INSERT INTO Enrollments VALUES(136,46,19,'2023-05-27',NULL);
INSERT INTO Enrollments VALUES(139,47,35,'2023-03-20',40);
INSERT INTO Enrollments VALUES(140,47,15,'2023-04-10',34);
INSERT INTO Enrollments VALUES(142,48,32,'2022-08-24',21);
INSERT INTO Enrollments VALUES(143,48,7,'2022-10-23',32);
INSERT INTO Enrollments VALUES(145,49,5,'2022-08-29',10);
INSERT INTO Enrollments VALUES(146,49,33,'2022-12-11',43);
INSERT INTO Enrollments VALUES(148,50,2,'2022-12-13',82);
INSERT INTO Enrollments VALUES(149,50,6,'2023-04-16',39);
INSERT INTO Enrollments VALUES(150,50,36,'2023-02-23',56);
INSERT INTO Enrollments VALUES(151,51,31,'2023-03-13',77);
INSERT INTO Enrollments VALUES(152,51,1,'2023-05-28',NULL);
INSERT INTO Enrollments VALUES(154,52,5,'2022-10-06',46);
INSERT INTO Enrollments VALUES(157,53,34,'2022-10-07',4);
INSERT INTO Enrollments VALUES(158,53,12,'2023-06-07',25);
INSERT INTO Enrollments VALUES(159,53,14,'2022-11-28',66);
INSERT INTO Enrollments VALUES(160,54,5,'2023-02-22',25);
INSERT INTO Enrollments VALUES(161,54,1,'2022-12-12',8);
INSERT INTO Enrollments VALUES(162,54,25,'2023-01-27',62);
INSERT INTO Enrollments VALUES(166,56,26,'2023-05-14',13);
INSERT INTO Enrollments VALUES(172,58,22,'2023-03-10',92);
INSERT INTO Enrollments VALUES(173,58,3,'2022-07-24',12);
INSERT INTO Enrollments VALUES(174,58,25,'2023-04-12',17);
INSERT INTO Enrollments VALUES(175,59,20,'2023-03-24',29);
INSERT INTO Enrollments VALUES(176,59,24,'2022-11-30',6);
INSERT INTO Enrollments VALUES(178,60,21,'2023-01-12',90);
INSERT INTO Enrollments VALUES(179,60,33,'2022-08-15',39);
INSERT INTO Enrollments VALUES(181,61,20,'2022-08-25',24);
INSERT INTO Enrollments VALUES(182,61,32,'2022-08-21',83);
INSERT INTO Enrollments VALUES(184,62,35,'2023-05-30',76);
INSERT INTO Enrollments VALUES(187,63,28,'2022-07-19',16);
INSERT INTO Enrollments VALUES(188,63,37,'2023-04-23',17);
INSERT INTO Enrollments VALUES(190,64,6,'2022-11-19',53);
INSERT INTO Enrollments VALUES(191,64,27,'2023-03-14',88);
INSERT INTO Enrollments VALUES(192,64,35,'2023-05-04',63);
INSERT INTO Enrollments VALUES(196,66,16,'2023-03-19',84);
INSERT INTO Enrollments VALUES(197,66,23,'2023-05-19',21);
INSERT INTO Enrollments VALUES(199,67,37,'2022-10-19',28);
INSERT INTO Enrollments VALUES(200,67,1,'2022-09-20',36);
INSERT INTO Enrollments VALUES(201,67,36,'2023-04-27',80);
INSERT INTO Enrollments VALUES(202,68,3,'2022-09-24',55);
INSERT INTO Enrollments VALUES(203,68,13,'2022-11-29',88);
INSERT INTO Enrollments VALUES(204,68,2,'2022-11-18',50);
INSERT INTO Enrollments VALUES(211,71,35,'2022-11-22',10);
INSERT INTO Enrollments VALUES(214,72,37,'2023-04-17',32);
INSERT INTO Enrollments VALUES(215,72,18,'2023-03-31',NULL);
INSERT INTO Enrollments VALUES(216,72,27,'2023-04-28',41);
INSERT INTO Enrollments VALUES(217,73,1,'2022-07-11',12);
INSERT INTO Enrollments VALUES(218,73,25,'2023-06-13',66);
INSERT INTO Enrollments VALUES(223,75,29,'2023-05-16',69);
INSERT INTO Enrollments VALUES(226,76,9,'2022-08-31',31);
INSERT INTO Enrollments VALUES(227,76,6,'2022-08-19',23);
INSERT INTO Enrollments VALUES(228,76,28,'2023-02-19',67);
INSERT INTO Enrollments VALUES(229,77,12,'2022-11-13',23);
INSERT INTO Enrollments VALUES(232,78,32,'2022-09-13',92);
INSERT INTO Enrollments VALUES(235,79,23,'2023-04-06',47);
INSERT INTO Enrollments VALUES(238,80,5,'2023-01-23',72);
INSERT INTO Enrollments VALUES(239,80,35,'2023-04-01',19);
INSERT INTO Enrollments VALUES(240,80,15,'2023-02-25',96);
INSERT INTO Enrollments VALUES(241,81,26,'2023-02-06',60);
INSERT INTO Enrollments VALUES(247,83,14,'2022-07-20',11);
INSERT INTO Enrollments VALUES(248,83,11,'2023-06-06',46);
INSERT INTO Enrollments VALUES(249,83,35,'2023-01-06',67);
INSERT INTO Enrollments VALUES(253,85,14,'2022-11-23',27);
INSERT INTO Enrollments VALUES(254,85,12,'2023-04-02',86);
INSERT INTO Enrollments VALUES(255,85,16,'2023-01-01',45);
INSERT INTO Enrollments VALUES(256,86,32,'2023-03-15',47);
INSERT INTO Enrollments VALUES(259,87,19,'2022-12-22',49);
INSERT INTO Enrollments VALUES(260,87,36,'2022-09-16',93);
INSERT INTO Enrollments VALUES(261,87,21,'2022-10-08',13);
INSERT INTO Enrollments VALUES(262,88,1,'2022-11-29',87);
INSERT INTO Enrollments VALUES(265,89,31,'2023-06-12',31);
INSERT INTO Enrollments VALUES(266,89,10,'2023-04-09',80);
INSERT INTO Enrollments VALUES(271,91,16,'2023-03-02',81);
INSERT INTO Enrollments VALUES(272,91,37,'2022-06-25',87);
INSERT INTO Enrollments VALUES(273,91,24,'2022-08-01',86);
INSERT INTO Enrollments VALUES(277,93,8,'2022-12-17',59);
INSERT INTO Enrollments VALUES(278,93,23,'2023-03-03',74);
INSERT INTO Enrollments VALUES(279,93,16,'2022-07-01',35);
INSERT INTO Enrollments VALUES(280,94,16,'2022-12-07',96);
INSERT INTO Enrollments VALUES(286,96,34,'2022-12-05',91);
INSERT INTO Enrollments VALUES(289,97,12,'2022-09-28',97);
INSERT INTO Enrollments VALUES(295,99,30,'2023-06-04',35);
INSERT INTO Enrollments VALUES(296,99,25,'2022-12-25',8);
INSERT INTO Enrollments VALUES(298,100,19,'2022-07-12',82);
INSERT INTO Enrollments VALUES(301,101,21,'2022-09-06',77);
INSERT INTO Enrollments VALUES(302,101,5,'2022-11-05',18);
INSERT INTO Enrollments VALUES(304,102,22,'2023-01-17',60);
INSERT INTO Enrollments VALUES(305,102,2,'2023-02-07',48);
INSERT INTO Enrollments VALUES(307,103,2,'2022-07-18',97);
INSERT INTO Enrollments VALUES(308,103,24,'2023-01-22',84);
INSERT INTO Enrollments VALUES(309,103,3,'2022-09-25',12);
INSERT INTO Enrollments VALUES(310,104,28,'2022-09-11',6);
INSERT INTO Enrollments VALUES(311,104,1,'2022-06-30',31);
INSERT INTO Enrollments VALUES(312,104,21,'2023-02-18',8);
INSERT INTO Enrollments VALUES(313,105,30,'2022-09-11',67);
INSERT INTO Enrollments VALUES(314,105,15,'2023-05-27',25);
INSERT INTO Enrollments VALUES(315,105,26,'2022-08-02',37);
INSERT INTO Enrollments VALUES(316,106,4,'2023-04-22',52);
INSERT INTO Enrollments VALUES(317,106,22,'2023-02-25',8);
INSERT INTO Enrollments VALUES(322,108,19,'2023-06-17',68);
INSERT INTO Enrollments VALUES(323,108,21,'2022-07-27',34);
INSERT INTO Enrollments VALUES(328,110,7,'2022-06-18',29);
INSERT INTO Enrollments VALUES(329,110,27,'2023-02-12',50);
INSERT INTO Enrollments VALUES(330,110,6,'2023-02-14',7);
INSERT INTO Enrollments VALUES(331,111,12,'2022-10-12',75);
INSERT INTO Enrollments VALUES(337,113,1,'2023-04-10',100);
INSERT INTO Enrollments VALUES(346,116,31,'2022-06-30',94);
INSERT INTO Enrollments VALUES(347,116,33,'2022-08-17',90);
INSERT INTO Enrollments VALUES(348,116,20,'2023-05-11',83);
INSERT INTO Enrollments VALUES(349,117,30,'2022-12-29',95);
INSERT INTO Enrollments VALUES(350,117,16,'2022-10-19',77);
INSERT INTO Enrollments VALUES(352,118,36,'2023-01-16',64);
INSERT INTO Enrollments VALUES(355,119,28,'2023-04-24',65);
INSERT INTO Enrollments VALUES(356,119,3,'2022-11-30',4);
INSERT INTO Enrollments VALUES(358,120,34,'2022-07-04',NULL);
INSERT INTO Enrollments VALUES(359,120,22,'2022-12-14',30);
INSERT INTO Enrollments VALUES(360,120,6,'2022-07-30',29);
INSERT INTO Enrollments VALUES(361,121,13,'2023-05-11',24);
INSERT INTO Enrollments VALUES(364,122,12,'2022-11-25',100);
INSERT INTO Enrollments VALUES(365,122,31,'2023-06-07',94);
INSERT INTO Enrollments VALUES(366,122,31,'2022-11-09',80);
INSERT INTO Enrollments VALUES(370,124,6,'2022-09-21',27);
INSERT INTO Enrollments VALUES(376,126,20,'2022-11-05',92);
INSERT INTO Enrollments VALUES(377,126,2,'2022-10-11',3);
INSERT INTO Enrollments VALUES(378,126,34,'2022-07-26',3);
INSERT INTO Enrollments VALUES(382,128,19,'2023-02-17',84);
INSERT INTO Enrollments VALUES(385,129,3,'2023-05-25',12);
INSERT INTO Enrollments VALUES(386,129,23,'2023-05-01',63);
INSERT INTO Enrollments VALUES(387,129,27,'2023-01-23',42);
INSERT INTO Enrollments VALUES(388,130,24,'2023-01-16',82);
INSERT INTO Enrollments VALUES(389,130,3,'2022-12-09',33);
INSERT INTO Enrollments VALUES(390,130,11,'2022-10-07',25);
INSERT INTO Enrollments VALUES(397,133,15,'2023-03-22',9);
INSERT INTO Enrollments VALUES(400,134,27,'2022-10-20',19);
INSERT INTO Enrollments VALUES(401,134,27,'2022-10-24',40);
INSERT INTO Enrollments VALUES(403,135,2,'2022-07-09',92);
INSERT INTO Enrollments VALUES(406,136,34,'2023-04-16',23);
INSERT INTO Enrollments VALUES(415,139,5,'2022-12-14',87);
INSERT INTO Enrollments VALUES(418,140,24,'2023-03-27',44);
INSERT INTO Enrollments VALUES(419,140,23,'2022-09-22',48);
INSERT INTO Enrollments VALUES(420,140,7,'2022-06-26',98);
INSERT INTO Enrollments VALUES(421,141,6,'2022-10-30',90);
INSERT INTO Enrollments VALUES(422,141,5,'2023-05-28',44);
INSERT INTO Enrollments VALUES(424,142,9,'2023-02-07',4);
INSERT INTO Enrollments VALUES(425,142,16,'2022-11-22',8);
INSERT INTO Enrollments VALUES(426,142,23,'2023-02-25',55);
INSERT INTO Enrollments VALUES(427,143,20,'2022-12-18',21);
INSERT INTO Enrollments VALUES(428,143,5,'2022-06-29',98);
INSERT INTO Enrollments VALUES(430,144,29,'2023-03-08',36);
INSERT INTO Enrollments VALUES(431,144,36,'2022-08-23',50);
INSERT INTO Enrollments VALUES(436,146,27,'2022-07-12',98);
INSERT INTO Enrollments VALUES(437,146,20,'2023-06-14',39);
INSERT INTO Enrollments VALUES(438,146,10,'2023-03-28',11);
INSERT INTO Enrollments VALUES(439,147,24,'2023-01-11',17);
INSERT INTO Enrollments VALUES(445,149,22,'2022-11-11',63);
INSERT INTO Enrollments VALUES(448,150,14,'2022-12-16',95);
INSERT INTO Enrollments VALUES(449,150,26,'2023-03-02',38);
INSERT INTO Enrollments VALUES(451,151,17,'2023-01-14',40);
INSERT INTO Enrollments VALUES(454,152,13,'2022-09-28',81);
INSERT INTO Enrollments VALUES(455,152,8,'2023-04-12',80);
INSERT INTO Enrollments VALUES(456,152,30,'2022-09-03',57);
INSERT INTO Enrollments VALUES(457,153,28,'2022-08-31',28);
INSERT INTO Enrollments VALUES(458,153,29,'2023-06-09',46);
INSERT INTO Enrollments VALUES(460,154,23,'2022-08-22',37);
INSERT INTO Enrollments VALUES(461,154,34,'2022-07-28',86);
INSERT INTO Enrollments VALUES(463,155,4,'2023-01-22',27);
INSERT INTO Enrollments VALUES(464,155,22,'2023-03-26',18);
INSERT INTO Enrollments VALUES(465,155,5,'2023-05-17',33);
INSERT INTO Enrollments VALUES(466,156,13,'2023-02-05',41);
INSERT INTO Enrollments VALUES(472,158,29,'2022-11-30',73);
INSERT INTO Enrollments VALUES(475,159,22,'2023-02-06',21);
INSERT INTO Enrollments VALUES(476,159,16,'2022-07-08',84);
INSERT INTO Enrollments VALUES(478,160,10,'2022-06-27',84);
INSERT INTO Enrollments VALUES(484,162,7,'2022-11-01',24);
INSERT INTO Enrollments VALUES(487,163,34,'2022-08-31',7);
INSERT INTO Enrollments VALUES(490,164,37,'2022-10-15',44);
INSERT INTO Enrollments VALUES(493,165,4,'2023-03-19',51);
INSERT INTO Enrollments VALUES(494,165,29,'2022-07-02',67);
INSERT INTO Enrollments VALUES(496,166,31,'2023-04-24',56);
INSERT INTO Enrollments VALUES(497,166,23,'2022-08-02',4);
INSERT INTO Enrollments VALUES(499,167,32,'2023-03-28',53);
INSERT INTO Enrollments VALUES(502,168,29,'2023-03-13',6);
INSERT INTO Enrollments VALUES(503,168,21,'2023-02-11',55);
INSERT INTO Enrollments VALUES(504,168,26,'2022-11-06',71);
INSERT INTO Enrollments VALUES(505,169,22,'2022-11-26',33);
INSERT INTO Enrollments VALUES(506,169,13,'2023-01-13',96);
INSERT INTO Enrollments VALUES(508,170,31,'2022-11-08',77);
INSERT INTO Enrollments VALUES(509,170,12,'2023-02-18',10);
INSERT INTO Enrollments VALUES(510,170,15,'2023-01-18',76);
INSERT INTO Enrollments VALUES(511,171,30,'2023-01-27',85);
INSERT INTO Enrollments VALUES(520,174,21,'2022-10-15',57);
INSERT INTO Enrollments VALUES(521,174,16,'2022-12-15',14);
INSERT INTO Enrollments VALUES(523,175,36,'2022-09-17',100);
INSERT INTO Enrollments VALUES(524,175,35,'2023-02-08',13);
INSERT INTO Enrollments VALUES(525,175,32,'2023-06-18',12);
INSERT INTO Enrollments VALUES(526,176,30,'2022-08-25',57);
INSERT INTO Enrollments VALUES(527,176,2,'2022-10-09',48);
INSERT INTO Enrollments VALUES(529,177,10,'2022-10-28',99);
INSERT INTO Enrollments VALUES(530,177,16,'2022-07-13',14);
INSERT INTO Enrollments VALUES(531,177,25,'2022-12-23',18);
INSERT INTO Enrollments VALUES(532,178,9,'2023-02-07',39);
INSERT INTO Enrollments VALUES(533,178,31,'2022-11-17',7);
INSERT INTO Enrollments VALUES(534,178,33,'2023-03-08',60);
INSERT INTO Enrollments VALUES(541,181,16,'2022-08-13',16);
INSERT INTO Enrollments VALUES(544,182,31,'2023-02-09',28);
INSERT INTO Enrollments VALUES(545,182,31,'2022-09-21',66);
INSERT INTO Enrollments VALUES(546,182,37,'2022-11-11',17);
INSERT INTO Enrollments VALUES(547,183,10,'2022-10-04',84);
INSERT INTO Enrollments VALUES(548,183,14,'2023-06-08',23);
INSERT INTO Enrollments VALUES(550,184,3,'2022-09-05',82);
INSERT INTO Enrollments VALUES(553,185,31,'2022-06-29',4);
INSERT INTO Enrollments VALUES(554,185,15,'2023-05-19',16);
INSERT INTO Enrollments VALUES(555,185,22,'2022-08-15',88);
INSERT INTO Enrollments VALUES(559,187,7,'2022-08-10',14);
INSERT INTO Enrollments VALUES(560,187,20,'2023-03-11',36);
INSERT INTO Enrollments VALUES(561,187,6,'2022-10-09',31);
INSERT INTO Enrollments VALUES(565,189,13,'2023-04-22',20);
INSERT INTO Enrollments VALUES(568,190,31,'2022-11-29',67);
INSERT INTO Enrollments VALUES(569,190,32,'2022-12-31',68);
INSERT INTO Enrollments VALUES(571,191,29,'2022-06-25',26);
INSERT INTO Enrollments VALUES(574,192,7,'2022-10-05',37);
INSERT INTO Enrollments VALUES(580,194,4,'2022-12-30',NULL);
INSERT INTO Enrollments VALUES(581,194,6,'2023-01-08',6);
INSERT INTO Enrollments VALUES(583,195,21,'2022-07-23',33);
INSERT INTO Enrollments VALUES(584,195,30,'2023-02-07',47);
INSERT INTO Enrollments VALUES(585,195,22,'2023-05-03',63);
INSERT INTO Enrollments VALUES(586,196,7,'2022-11-22',43);
INSERT INTO Enrollments VALUES(587,196,36,'2023-01-18',60);
INSERT INTO Enrollments VALUES(588,196,32,'2023-01-15',83);
INSERT INTO Enrollments VALUES(589,197,5,'2022-07-13',58);
INSERT INTO Enrollments VALUES(590,197,30,'2022-10-05',16);
INSERT INTO Enrollments VALUES(592,198,34,'2023-01-06',15);
INSERT INTO Enrollments VALUES(593,198,21,'2023-04-16',77);
INSERT INTO Enrollments VALUES(594,198,8,'2022-06-21',83);
INSERT INTO Enrollments VALUES(595,199,8,'2023-02-16',37);
INSERT INTO Enrollments VALUES(596,199,30,'2023-04-22',79);
INSERT INTO Enrollments VALUES(598,200,28,'2022-08-18',80);
INSERT INTO Enrollments VALUES(601,201,14,'2022-07-17',57);
INSERT INTO Enrollments VALUES(602,201,23,'2022-10-18',77);
INSERT INTO Enrollments VALUES(604,202,11,'2023-06-03',86);
INSERT INTO Enrollments VALUES(605,202,18,'2022-10-01',17);
INSERT INTO Enrollments VALUES(607,203,22,'2022-09-15',86);
INSERT INTO Enrollments VALUES(608,203,2,'2023-02-22',21);
INSERT INTO Enrollments VALUES(609,203,11,'2022-07-21',51);
INSERT INTO Enrollments VALUES(610,204,8,'2022-12-02',96);
INSERT INTO Enrollments VALUES(611,204,30,'2022-07-25',100);
INSERT INTO Enrollments VALUES(613,205,19,'2022-11-29',14);
INSERT INTO Enrollments VALUES(616,206,28,'2022-12-04',90);
INSERT INTO Enrollments VALUES(619,207,18,'2022-11-16',24);
INSERT INTO Enrollments VALUES(620,207,33,'2023-03-05',53);
INSERT INTO Enrollments VALUES(621,207,7,'2022-09-30',60);
INSERT INTO Enrollments VALUES(622,208,30,'2023-03-28',52);
INSERT INTO Enrollments VALUES(623,208,26,'2023-01-16',57);
INSERT INTO Enrollments VALUES(625,209,14,'2023-04-05',34);
INSERT INTO Enrollments VALUES(631,211,2,'2022-07-18',87);
INSERT INTO Enrollments VALUES(632,211,16,'2022-09-17',74);
INSERT INTO Enrollments VALUES(634,212,32,'2023-02-05',72);
INSERT INTO Enrollments VALUES(635,212,19,'2022-10-27',20);
INSERT INTO Enrollments VALUES(637,213,34,'2022-12-28',54);
INSERT INTO Enrollments VALUES(638,213,33,'2022-11-29',51);
INSERT INTO Enrollments VALUES(639,213,27,'2022-08-26',24);
INSERT INTO Enrollments VALUES(640,214,14,'2023-06-15',82);
INSERT INTO Enrollments VALUES(643,215,34,'2022-11-15',72);
INSERT INTO Enrollments VALUES(649,217,20,'2022-12-21',76);
INSERT INTO Enrollments VALUES(652,218,32,'2022-10-02',64);
INSERT INTO Enrollments VALUES(653,218,3,'2022-12-20',NULL);
INSERT INTO Enrollments VALUES(654,218,15,'2022-07-20',65);
INSERT INTO Enrollments VALUES(658,220,14,'2023-03-19',62);
INSERT INTO Enrollments VALUES(659,220,21,'2022-12-24',67);
INSERT INTO Enrollments VALUES(660,220,29,'2022-10-21',20);
INSERT INTO Enrollments VALUES(661,221,14,'2022-07-10',45);
INSERT INTO Enrollments VALUES(662,221,19,'2023-03-12',43);
INSERT INTO Enrollments VALUES(663,221,4,'2022-07-17',42);
INSERT INTO Enrollments VALUES(664,222,34,'2023-06-01',34);
INSERT INTO Enrollments VALUES(665,222,32,'2023-04-10',41);
INSERT INTO Enrollments VALUES(670,224,15,'2022-11-29',57);
INSERT INTO Enrollments VALUES(671,224,29,'2023-03-26',14);
INSERT INTO Enrollments VALUES(676,226,4,'2023-04-20',56);
INSERT INTO Enrollments VALUES(679,227,10,'2023-02-25',16);
INSERT INTO Enrollments VALUES(680,227,28,'2023-03-26',19);
INSERT INTO Enrollments VALUES(682,228,2,'2022-07-07',82);
INSERT INTO Enrollments VALUES(683,228,29,'2023-03-18',37);
INSERT INTO Enrollments VALUES(685,229,24,'2023-05-10',70);
INSERT INTO Enrollments VALUES(686,229,30,'2022-07-24',98);
INSERT INTO Enrollments VALUES(687,229,35,'2022-09-05',39);
INSERT INTO Enrollments VALUES(688,230,24,'2023-04-27',57);
INSERT INTO Enrollments VALUES(697,233,20,'2022-10-02',31);
INSERT INTO Enrollments VALUES(700,234,4,'2023-01-04',59);
INSERT INTO Enrollments VALUES(701,234,17,'2023-03-08',50);
INSERT INTO Enrollments VALUES(702,234,37,'2023-05-26',NULL);
INSERT INTO Enrollments VALUES(703,235,14,'2022-09-20',81);
INSERT INTO Enrollments VALUES(704,235,24,'2023-02-27',15);
INSERT INTO Enrollments VALUES(705,235,29,'2023-05-02',97);
INSERT INTO Enrollments VALUES(706,236,14,'2023-05-17',79);
INSERT INTO Enrollments VALUES(709,237,17,'2023-05-16',14);
INSERT INTO Enrollments VALUES(710,237,13,'2022-10-05',82);
INSERT INTO Enrollments VALUES(712,238,15,'2022-09-18',40);
INSERT INTO Enrollments VALUES(721,241,29,'2023-03-24',81);
INSERT INTO Enrollments VALUES(722,241,22,'2023-03-28',32);
INSERT INTO Enrollments VALUES(723,241,4,'2022-08-20',78);
INSERT INTO Enrollments VALUES(724,242,34,'2023-04-24',93);
INSERT INTO Enrollments VALUES(725,242,26,'2023-01-21',86);
INSERT INTO Enrollments VALUES(730,244,22,'2023-04-14',63);
INSERT INTO Enrollments VALUES(731,244,21,'2023-04-13',97);
INSERT INTO Enrollments VALUES(733,245,25,'2022-09-20',NULL);
INSERT INTO Enrollments VALUES(734,245,3,'2023-06-04',73);
INSERT INTO Enrollments VALUES(735,245,27,'2022-09-02',19);
INSERT INTO Enrollments VALUES(736,246,36,'2022-10-14',91);
INSERT INTO Enrollments VALUES(737,246,36,'2023-03-02',41);
INSERT INTO Enrollments VALUES(742,248,25,'2022-09-25',16);
INSERT INTO Enrollments VALUES(745,249,24,'2022-11-20',63);
INSERT INTO Enrollments VALUES(746,249,22,'2023-01-19',70);
INSERT INTO Enrollments VALUES(748,250,15,'2022-09-19',96);
INSERT INTO Enrollments VALUES(749,250,30,'2022-12-10',25);
INSERT INTO Enrollments VALUES(751,251,30,'2023-03-22',86);
INSERT INTO Enrollments VALUES(752,251,10,'2023-05-07',32);
INSERT INTO Enrollments VALUES(753,251,3,'2022-09-24',23);
INSERT INTO Enrollments VALUES(754,252,2,'2023-05-16',10);
INSERT INTO Enrollments VALUES(755,252,33,'2022-10-24',9);
INSERT INTO Enrollments VALUES(757,253,15,'2022-07-06',84);
INSERT INTO Enrollments VALUES(766,256,1,'2023-06-10',82);
INSERT INTO Enrollments VALUES(767,256,36,'2023-01-18',15);
INSERT INTO Enrollments VALUES(768,256,7,'2022-11-18',29);
INSERT INTO Enrollments VALUES(769,257,19,'2023-03-28',60);
INSERT INTO Enrollments VALUES(770,257,37,'2022-10-14',69);
INSERT INTO Enrollments VALUES(775,259,30,'2022-11-27',NULL);
INSERT INTO Enrollments VALUES(776,259,21,'2022-11-07',36);
INSERT INTO Enrollments VALUES(777,259,37,'2022-07-18',89);
INSERT INTO Enrollments VALUES(778,260,12,'2023-04-21',23);
INSERT INTO Enrollments VALUES(779,260,34,'2022-07-23',51);
INSERT INTO Enrollments VALUES(780,260,11,'2022-12-18',87);
INSERT INTO Enrollments VALUES(781,261,9,'2022-10-23',14);
INSERT INTO Enrollments VALUES(784,262,21,'2022-12-11',43);
INSERT INTO Enrollments VALUES(785,262,22,'2023-05-23',34);
INSERT INTO Enrollments VALUES(787,263,28,'2022-12-27',87);
INSERT INTO Enrollments VALUES(788,263,21,'2023-04-01',47);
INSERT INTO Enrollments VALUES(790,264,27,'2022-10-11',31);
INSERT INTO Enrollments VALUES(791,264,13,'2023-02-05',38);
INSERT INTO Enrollments VALUES(793,265,20,'2022-07-19',82);
INSERT INTO Enrollments VALUES(794,265,28,'2023-05-12',35);
INSERT INTO Enrollments VALUES(796,266,36,'2022-08-19',84);
INSERT INTO Enrollments VALUES(797,266,22,'2022-12-07',77);
INSERT INTO Enrollments VALUES(805,269,18,'2022-11-27',NULL);
INSERT INTO Enrollments VALUES(808,270,11,'2023-01-16',61);
INSERT INTO Enrollments VALUES(809,270,10,'2022-08-17',43);
INSERT INTO Enrollments VALUES(810,270,16,'2022-10-18',86);
INSERT INTO Enrollments VALUES(811,271,5,'2023-05-20',23);
INSERT INTO Enrollments VALUES(812,271,18,'2023-02-28',55);
INSERT INTO Enrollments VALUES(813,271,9,'2022-10-21',11);
INSERT INTO Enrollments VALUES(814,272,3,'2023-06-12',18);
INSERT INTO Enrollments VALUES(815,272,2,'2023-05-13',56);
INSERT INTO Enrollments VALUES(816,272,4,'2022-07-20',37);
INSERT INTO Enrollments VALUES(817,273,26,'2023-05-06',58);
INSERT INTO Enrollments VALUES(818,273,33,'2023-05-18',14);
INSERT INTO Enrollments VALUES(820,274,17,'2023-06-12',77);
INSERT INTO Enrollments VALUES(823,275,13,'2023-05-05',35);
INSERT INTO Enrollments VALUES(824,275,3,'2023-01-12',99);
INSERT INTO Enrollments VALUES(825,275,28,'2023-05-28',49);
INSERT INTO Enrollments VALUES(826,276,6,'2023-06-03',28);
INSERT INTO Enrollments VALUES(829,277,27,'2022-10-18',72);
INSERT INTO Enrollments VALUES(830,277,9,'2022-10-27',51);
INSERT INTO Enrollments VALUES(832,278,1,'2023-04-28',33);
INSERT INTO Enrollments VALUES(835,279,35,'2022-12-09',65);
INSERT INTO Enrollments VALUES(836,279,33,'2023-05-26',76);
INSERT INTO Enrollments VALUES(838,280,1,'2022-11-29',34);
INSERT INTO Enrollments VALUES(839,280,16,'2023-03-26',45);
INSERT INTO Enrollments VALUES(841,281,12,'2023-06-07',63);
INSERT INTO Enrollments VALUES(842,281,4,'2022-09-14',33);
INSERT INTO Enrollments VALUES(844,282,30,'2023-04-13',58);
INSERT INTO Enrollments VALUES(847,283,27,'2023-01-28',NULL);
INSERT INTO Enrollments VALUES(850,284,7,'2022-11-09',67);
INSERT INTO Enrollments VALUES(853,285,21,'2023-01-17',61);
INSERT INTO Enrollments VALUES(854,285,1,'2022-10-01',7);
INSERT INTO Enrollments VALUES(859,287,32,'2022-07-20',24);
INSERT INTO Enrollments VALUES(860,287,15,'2023-02-06',19);
INSERT INTO Enrollments VALUES(862,288,19,'2023-04-05',5);
INSERT INTO Enrollments VALUES(863,288,10,'2022-09-14',11);
INSERT INTO Enrollments VALUES(864,288,15,'2022-07-12',89);
INSERT INTO Enrollments VALUES(865,289,3,'2022-09-27',19);
INSERT INTO Enrollments VALUES(868,290,24,'2023-03-10',35);
INSERT INTO Enrollments VALUES(874,292,27,'2023-02-26',80);
INSERT INTO Enrollments VALUES(877,293,20,'2022-11-11',87);
INSERT INTO Enrollments VALUES(880,294,1,'2022-12-30',15);
INSERT INTO Enrollments VALUES(883,295,21,'2022-08-27',59);
INSERT INTO Enrollments VALUES(884,295,16,'2023-03-13',18);
INSERT INTO Enrollments VALUES(885,295,30,'2022-12-31',88);
INSERT INTO Enrollments VALUES(892,298,1,'2023-05-27',5);
INSERT INTO Enrollments VALUES(893,298,31,'2023-02-27',96);
INSERT INTO Enrollments VALUES(894,298,25,'2023-05-24',17);
INSERT INTO Enrollments VALUES(898,300,10,'2022-07-28',69);
INSERT INTO Enrollments VALUES(899,300,29,'2022-12-26',15);
INSERT INTO Enrollments VALUES(900,300,1,'2022-12-05',60);
CREATE TABLE Departments (
        DepartmentId INTEGER PRIMARY KEY,
        DepartmentName TEXT
    );
INSERT INTO Departments VALUES(1,'Computer Science');
INSERT INTO Departments VALUES(2,'Mathematics');
INSERT INTO Departments VALUES(3,'Physics');
INSERT INTO Departments VALUES(4,'English');
INSERT INTO Departments VALUES(5,'History');
INSERT INTO Departments VALUES(6,'Biology');
INSERT INTO Departments VALUES(7,'Chemistry');
INSERT INTO Departments VALUES(8,'Economics');
INSERT INTO Departments VALUES(9,'Psychology');
INSERT INTO Departments VALUES(10,'Sociology');
CREATE TABLE Classrooms (
        ClassroomId INTEGER PRIMARY KEY,
        Capacity INTEGER,
        Location INTEGER,
        DepartmentId INTEGER,
        FOREIGN KEY (DepartmentId) REFERENCES Departments(DepartmentId)
    );
INSERT INTO Classrooms VALUES(1,30,1,1);
INSERT INTO Classrooms VALUES(2,25,2,2);
INSERT INTO Classrooms VALUES(3,20,3,1);
INSERT INTO Classrooms VALUES(4,40,4,3);
INSERT INTO Classrooms VALUES(5,35,5,4);
CREATE TABLE Students (
        StudentId INTEGER PRIMARY KEY,
        FirstName TEXT,
        LastName TEXT,
        DateOfBirth DATE,
        Gender TEXT,
        Email TEXT,
        PhoneNumber TEXT,
        Tuition INTEGER,
        ProgramId INTEGER,
        FOREIGN KEY (ProgramId) REFERENCES Programs(ProgramId)
    );
INSERT INTO Students VALUES(1,'Brooke','Glover','1998-05-05','Male','edavis@example.org','(460)486-9759',2800,6);
INSERT INTO Students VALUES(2,'Michael','Young','2002-02-05','Female','tateeric@example.com','376-142-3627x6630',2700,5);
INSERT INTO Students VALUES(3,'Megan','Williams','2001-03-21','Female','ymoore@example.org','001-204-613-5496x480',2100,9);
INSERT INTO Students VALUES(4,'Danielle','Cole','1998-07-17','Male','sharisimon@example.org','(622)702-2008x060',2500,5);
INSERT INTO Students VALUES(5,'Gary','Castro','2004-04-27','Female','thomasschroeder@example.com','+1-779-526-4319x62277',2300,2);
INSERT INTO Students VALUES(6,'Philip','Williams','2001-12-22','Male','danielle39@example.com','(819)927-1020',2200,6);
INSERT INTO Students VALUES(7,'Jesse','Schmidt','2005-03-22','Male','christopher81@example.com','028.818.6778',2000,2);
INSERT INTO Students VALUES(8,'Karen','Jones','1999-09-03','Male','scott57@example.org','(696)076-4637',2600,3);
INSERT INTO Students VALUES(9,'Anna','Hampton','1998-11-15','Male','mortonmatthew@example.com','(830)876-9166',2400,18);
INSERT INTO Students VALUES(10,'Nicole','Mckay','2002-05-30','Female','valentinefrancisco@example.com','(805)156-1225x724',2400,9);
INSERT INTO Students VALUES(11,'Thomas','Ballard','2003-04-20','Female','raguirre@example.net','334-386-4704x9736',2900,1);
INSERT INTO Students VALUES(12,'Jeremy','Mcknight','1997-09-13','Male','nwilliams@example.net','489.642.1783x00739',2100,9);
INSERT INTO Students VALUES(13,'Elizabeth','Wilson','1999-12-17','Female','lewistravis@example.com','423.948.4506',2000,10);
INSERT INTO Students VALUES(14,'Amanda','Oneal','2000-09-07','Male','reynoldsjeanette@example.org','+1-070-092-7433x743',2300,2);
INSERT INTO Students VALUES(15,'Duane','Gonzalez','2004-05-21','Female','jamesroach@example.net','(086)679-1758x0512',2000,8);
INSERT INTO Students VALUES(16,'Joseph','Barker','1998-04-30','Male','umadden@example.org','2217718521',2600,18);
INSERT INTO Students VALUES(17,'Nicholas','Brown','1997-12-12','Female','jostark@example.net','5583375850',2500,10);
INSERT INTO Students VALUES(18,'Angela','Gonzales','1997-06-20','Male','dennisgill@example.com','277-025-8662x432',2400,14);
INSERT INTO Students VALUES(19,'Steve','Wolf','1999-07-23','Male','joshuasolomon@example.net','(829)654-1374',2100,18);
INSERT INTO Students VALUES(20,'Alison','Hughes','2004-04-18','Female','srobinson@example.net','001-013-571-5904x734',2900,10);
INSERT INTO Students VALUES(21,'Amy','Griffin','2004-11-21','Female','valerie20@example.com','289-602-1792x691',2100,10);
INSERT INTO Students VALUES(22,'Lauren','Gomez','1999-06-03','Male','christopher93@example.net','(787)559-0113',2700,10);
INSERT INTO Students VALUES(23,'Adam','Bray','2003-01-21','Male','ruben26@example.com','370-606-8537',2700,8);
INSERT INTO Students VALUES(24,'Kimberly','Blake','2004-03-24','Male','hmason@example.org','001-249-481-9710x71519',2500,13);
INSERT INTO Students VALUES(25,'William','Flores','1999-03-01','Female','goulderic@example.net','367-288-1070x405',2200,10);
INSERT INTO Students VALUES(26,'Kayla','Smith','2000-08-21','Female','douglas62@example.org','6059863285',2700,12);
INSERT INTO Students VALUES(27,'Roberto','Herman','1997-08-18','Male','kristinwallace@example.com','122-686-4797x29910',2200,19);
INSERT INTO Students VALUES(28,'Michelle','Mata','1997-10-31','Female','nguyenjennifer@example.net','3931330901',2900,8);
INSERT INTO Students VALUES(29,'John','Farmer','2003-04-21','Female','jamiethomas@example.org','037-772-6667x5475',2800,14);
INSERT INTO Students VALUES(30,'Kyle','Tucker','2005-02-11','Male','murphyvincent@example.org','(861)181-2823x05304',2700,10);
INSERT INTO Students VALUES(31,'Shelby','Russo','1998-07-25','Female','kathryn26@example.net','0584079716',2700,16);
INSERT INTO Students VALUES(32,'Wendy','Rios','2001-09-16','Male','khoffman@example.org','940.155.5589x51303',2300,18);
INSERT INTO Students VALUES(33,'James','Lowery','2005-02-07','Female','anthonygreen@example.org','345-695-6793x9446',2500,3);
INSERT INTO Students VALUES(34,'Ruth','Garcia','2004-12-24','Male','juan49@example.org','(929)920-1941x1415',2000,19);
INSERT INTO Students VALUES(35,'Melissa','Williams','2005-04-25','Male','jhall@example.org','399-849-2851x30202',2700,7);
INSERT INTO Students VALUES(36,'Christopher','Spencer','1999-05-08','Male','bgraves@example.org','(823)670-6286',2000,17);
INSERT INTO Students VALUES(37,'Timothy','Austin','2005-03-29','Male','clarkecassandra@example.org','(304)236-8137',2500,11);
INSERT INTO Students VALUES(38,'Francisco','Giles','1998-05-16','Female','bwalton@example.net','001-958-134-7445',2900,11);
INSERT INTO Students VALUES(39,'Scott','Hughes','1998-09-26','Male','martharusso@example.org','+1-682-634-9066x611',2700,2);
INSERT INTO Students VALUES(40,'Catherine','Morales','2003-05-23','Male','abeck@example.com','903.927.5619x51181',2600,18);
INSERT INTO Students VALUES(41,'Vicki','Mitchell','2000-10-04','Male','melissa98@example.org','153.557.4841',2600,11);
INSERT INTO Students VALUES(42,'Erin','Orozco','2001-05-10','Male','michellecraig@example.org','(405)355-6172x153',2300,20);
INSERT INTO Students VALUES(43,'Margaret','Thomas','1999-08-18','Female','rachel39@example.org','0428061470',2400,14);
INSERT INTO Students VALUES(44,'Kevin','Mitchell','2000-01-22','Female','laura79@example.org','9894186042',2700,12);
INSERT INTO Students VALUES(45,'Catherine','Jones','2005-04-12','Male','michaelgray@example.com','661-824-1612',2700,4);
INSERT INTO Students VALUES(46,'Ronald','Peters','2004-04-16','Male','geraldmcdaniel@example.net','+1-381-445-2929x571',2600,20);
INSERT INTO Students VALUES(47,'Denise','Peterson','2000-10-01','Male','janetchristian@example.com','001-055-238-2418',2100,12);
INSERT INTO Students VALUES(48,'Leslie','Watson','2001-04-26','Male','angela29@example.net','698-076-5341x16941',2200,14);
INSERT INTO Students VALUES(49,'Bradley','Smith','2000-04-28','Female','ndeleon@example.net','372-347-1984x066',2000,15);
INSERT INTO Students VALUES(50,'Frank','Hall','2004-10-27','Female','zreynolds@example.org','857-059-7862x8621',2500,15);
INSERT INTO Students VALUES(51,'Kenneth','Wells','1998-05-11','Male','bbradley@example.com','+1-144-911-4856x20512',2200,13);
INSERT INTO Students VALUES(52,'Dennis','Cantrell','2003-10-08','Female','obautista@example.com','+1-780-742-8921',2100,12);
INSERT INTO Students VALUES(53,'Kelly','Lawson','1999-03-16','Male','susan09@example.net','(931)894-6784',2800,1);
INSERT INTO Students VALUES(54,'Melissa','Clark','1998-03-19','Male','marygay@example.org','1218427913',2500,14);
INSERT INTO Students VALUES(55,'Nicholas','Gonzalez','2005-01-01','Male','joseph57@example.net','+1-772-387-4511x85436',2700,11);
INSERT INTO Students VALUES(56,'Daniel','Wilson','1997-11-27','Male','judith42@example.net','257-954-8070x97559',2700,6);
INSERT INTO Students VALUES(57,'Janet','Miranda','2003-09-24','Male','anthonywilliams@example.net','(420)203-2923',2500,13);
INSERT INTO Students VALUES(58,'Gregg','Harris','2001-02-23','Male','turnerryan@example.org','(227)094-9465',2600,14);
INSERT INTO Students VALUES(59,'Trevor','Barton','1999-12-22','Female','mark28@example.com','792-538-7387',2300,12);
INSERT INTO Students VALUES(60,'Matthew','Adams','1999-03-06','Female','terri85@example.org','(508)549-4190',2000,17);
INSERT INTO Students VALUES(61,'Kristin','Gray','2000-07-17','Female','briannacline@example.net','3156948842',2600,15);
INSERT INTO Students VALUES(62,'Brandon','Cunningham','1999-05-24','Female','wwest@example.org','1126630246',2900,16);
INSERT INTO Students VALUES(63,'Amy','Henson','2000-11-25','Female','danielmitchell@example.com','3647835432',2700,11);
INSERT INTO Students VALUES(64,'Michael','Garcia','2000-02-20','Male','matthewelliott@example.com','001-329-176-7178x967',2900,9);
INSERT INTO Students VALUES(65,'Damon','Johnson','1998-11-12','Male','justin19@example.net','119-151-0132x052',2800,11);
INSERT INTO Students VALUES(66,'Stephanie','Robertson','2000-01-22','Female','erikafletcher@example.org','2166382034',2100,19);
INSERT INTO Students VALUES(67,'Aaron','Valentine','2000-03-21','Male','john40@example.org','+1-464-811-6620x54541',2000,12);
INSERT INTO Students VALUES(68,'Robyn','Bullock','2004-03-24','Female','wardlynn@example.com','+1-110-943-4067x6862',2300,20);
INSERT INTO Students VALUES(69,'Nicholas','Davis','2004-09-03','Female','donald39@example.com','(988)803-8915',2700,3);
INSERT INTO Students VALUES(70,'Alicia','White','2001-11-05','Male','mathisdustin@example.com','+1-138-104-6082x81143',2000,20);
INSERT INTO Students VALUES(71,'Christopher','Jones','2001-10-27','Female','xgonzalez@example.net','001-078-896-4618x3986',2000,20);
INSERT INTO Students VALUES(72,'Gregory','Allen','2003-04-19','Female','matthewstevens@example.org','001-323-809-8823x90938',2400,11);
INSERT INTO Students VALUES(73,'Amy','Gardner','2001-09-07','Male','alexandra18@example.org','443-860-7658x46790',2000,1);
INSERT INTO Students VALUES(74,'Devon','Douglas','2000-11-24','Female','luis07@example.com','001-357-063-7140',2900,8);
INSERT INTO Students VALUES(75,'Angela','Smith','2000-06-18','Male','rkim@example.com','014-758-3584x6611',2500,4);
INSERT INTO Students VALUES(76,'Abigail','Romero','2001-02-25','Male','umcmillan@example.org','(988)026-5510x91149',2700,16);
INSERT INTO Students VALUES(77,'Rose','Gill','1997-07-23','Female','charles43@example.org','+1-172-990-1035x8148',2700,3);
INSERT INTO Students VALUES(78,'Robert','Turner','2000-05-23','Male','laurie02@example.com','(356)591-1791',2200,12);
INSERT INTO Students VALUES(79,'James','Torres','2000-08-25','Male','lambanita@example.net','001-038-650-8349x68801',2700,10);
INSERT INTO Students VALUES(80,'Patrick','Wood','1997-08-09','Male','fschultz@example.org','001-349-310-3145x065',2100,15);
INSERT INTO Students VALUES(81,'Diana','Frazier','2004-11-11','Male','denisepaul@example.org','+1-949-960-9943',2500,13);
INSERT INTO Students VALUES(82,'Lauren','Scott','1997-11-07','Female','turnerryan@example.com','640.412.3577',2700,2);
INSERT INTO Students VALUES(83,'Brent','Davis','1998-08-12','Female','amywhite@example.net','478.537.6582x93278',2600,17);
INSERT INTO Students VALUES(84,'John','Smith','2002-04-06','Female','fjenkins@example.org','2794684130',2800,11);
INSERT INTO Students VALUES(85,'Abigail','Howard','2004-09-08','Female','dspencer@example.com','2520416042',2300,19);
INSERT INTO Students VALUES(86,'Richard','Parsons','2003-06-02','Male','ashleychang@example.com','001-090-850-9447x2338',2800,4);
INSERT INTO Students VALUES(87,'Lori','Anderson','2000-04-08','Female','gary25@example.net','397-502-3742x830',2700,20);
INSERT INTO Students VALUES(88,'Jason','Robinson','1999-07-06','Male','jonathan42@example.net','(654)940-0671',2700,15);
INSERT INTO Students VALUES(89,'Laurie','Rogers','2000-01-24','Male','acampbell@example.com','+1-888-219-4463',2400,17);
INSERT INTO Students VALUES(90,'Peggy','Vasquez','1999-08-26','Male','brettalexander@example.com','332.738.6852',2700,15);
INSERT INTO Students VALUES(91,'Larry','Larson','1997-08-25','Male','ehodge@example.org','340-095-2749x3962',2800,14);
INSERT INTO Students VALUES(92,'William','Castillo','2003-08-09','Male','nhicks@example.net','(869)302-4620x1663',2200,17);
INSERT INTO Students VALUES(93,'Robert','Davidson','2003-05-21','Female','justinlopez@example.com','+1-977-455-4386x00428',2700,5);
INSERT INTO Students VALUES(94,'Theresa','Rodgers','2005-02-06','Female','nicole27@example.org','509.215.1727x622',2500,5);
INSERT INTO Students VALUES(95,'Cynthia','Cardenas','1999-01-18','Male','haynesvictoria@example.com','143.880.9370x66543',2700,10);
INSERT INTO Students VALUES(96,'Richard','Tran','2000-11-07','Male','william84@example.com','334.319.2860x92961',2300,2);
INSERT INTO Students VALUES(97,'Jon','Weaver','1999-04-19','Male','allencaldwell@example.org','+1-423-576-4141x0690',2600,1);
INSERT INTO Students VALUES(98,'Stefanie','Lawson','2001-03-21','Female','cmcdonald@example.net','(684)026-6067x721',2700,19);
INSERT INTO Students VALUES(99,'Jodi','Reynolds','2003-09-07','Male','kennethwiggins@example.com','860-206-6977',2900,7);
INSERT INTO Students VALUES(100,'Kenneth','Mccann','1998-11-26','Female','ashleysmith@example.net','001-720-893-3883x1268',2600,2);
INSERT INTO Students VALUES(101,'Jerry','Roman','1998-09-01','Female','ann01@example.com','216.292.2140x974',2300,4);
INSERT INTO Students VALUES(102,'Julia','Gray','2005-05-20','Female','hgarcia@example.org','139-750-5188x550',2200,11);
INSERT INTO Students VALUES(103,'Wesley','Romero','2003-03-13','Male','brewermary@example.com','(140)390-4074x6782',2600,10);
INSERT INTO Students VALUES(104,'Bridget','Hunter','1999-03-20','Male','danielsjoseph@example.org','(555)019-2726',2300,4);
INSERT INTO Students VALUES(105,'Tina','Swanson','1997-12-27','Male','scott37@example.com','001-488-741-6163x027',2200,19);
INSERT INTO Students VALUES(106,'Stephanie','Brown','1998-12-24','Male','danielleharris@example.net','+1-254-117-2826',2800,19);
INSERT INTO Students VALUES(107,'Susan','Long','2003-03-29','Female','walterwalker@example.com','001-533-398-3805x12372',2900,7);
INSERT INTO Students VALUES(108,'Todd','Keller','1998-05-09','Male','douglas83@example.com','(760)608-5473',2600,13);
INSERT INTO Students VALUES(109,'Lauren','Chandler','2002-12-17','Female','jasontate@example.com','666.707.5349x39246',2000,15);
INSERT INTO Students VALUES(110,'Jennifer','Huffman','2004-08-29','Male','daniel02@example.org','(620)898-6184x619',2700,5);
INSERT INTO Students VALUES(111,'Deborah','Jacobs','2001-05-14','Male','bowersluke@example.net','(142)066-8046',2800,10);
INSERT INTO Students VALUES(112,'Michael','Mccarty','2005-03-28','Female','bethanymcguire@example.net','668.420.2964x09624',2600,7);
INSERT INTO Students VALUES(113,'Kaitlyn','Cunningham','2002-03-17','Male','cuevasvalerie@example.com','710.740.2889',2900,5);
INSERT INTO Students VALUES(114,'Melissa','Moreno','2000-06-04','Male','dylan45@example.net','(540)113-5622x53759',2900,1);
INSERT INTO Students VALUES(115,'David','Sullivan','2002-11-25','Female','xbanks@example.com','159.357.6656',2400,12);
INSERT INTO Students VALUES(116,'Kimberly','Cowan','2001-01-21','Female','tiffany66@example.net','031.468.7620',2300,5);
INSERT INTO Students VALUES(117,'Felicia','Johnson','2002-06-30','Female','erinhall@example.com','696.640.8830x85537',2600,7);
INSERT INTO Students VALUES(118,'Deanna','Cabrera','2000-04-29','Male','bushdarlene@example.com','530.622.5659',2800,17);
INSERT INTO Students VALUES(119,'Adam','Holloway','2001-12-02','Female','ysellers@example.com','768-250-0299x6053',2700,9);
INSERT INTO Students VALUES(120,'Rebecca','Paul','1999-03-11','Female','autumnhawkins@example.net','+1-224-649-7913x3147',2900,7);
INSERT INTO Students VALUES(121,'Susan','Browning','1998-11-23','Male','ryoung@example.org','+1-535-772-2389x5027',2200,5);
INSERT INTO Students VALUES(122,'Robert','Henry','2001-07-27','Female','davidheath@example.com','001-556-735-0593x48348',2000,4);
INSERT INTO Students VALUES(123,'Jeffrey','Ochoa','2005-01-12','Male','tiffany82@example.net','489.094.1475x298',2200,7);
INSERT INTO Students VALUES(124,'Amanda','Harrison','1999-05-02','Male','benjamin64@example.com','+1-965-204-3806x65394',2200,3);
INSERT INTO Students VALUES(125,'Rachel','Anderson','2004-02-28','Male','hawkinscharlotte@example.com','+1-257-576-9820',2800,7);
INSERT INTO Students VALUES(126,'Kendra','Molina','2000-09-06','Female','denniscrystal@example.com','(704)649-2368',2700,15);
INSERT INTO Students VALUES(127,'James','Marks','2002-12-01','Male','taylorwilliam@example.org','(414)151-3439x11371',2700,16);
INSERT INTO Students VALUES(128,'Bryan','Phelps','2005-05-15','Female','sullivanmichael@example.org','(562)003-8111x647',2500,6);
INSERT INTO Students VALUES(129,'Alex','Mills','2000-05-26','Male','cindyvasquez@example.net','+1-798-053-9247x7525',2900,1);
INSERT INTO Students VALUES(130,'Brett','Perez','1998-11-06','Male','lisa20@example.com','1532923042',2500,1);
INSERT INTO Students VALUES(131,'Erica','Norton','2003-10-23','Male','maria96@example.net','(641)788-2086x74045',2700,15);
INSERT INTO Students VALUES(132,'Todd','Lee','2003-02-24','Female','kevin38@example.net','(985)983-5240',2600,10);
INSERT INTO Students VALUES(133,'Gabrielle','Brennan','2002-07-25','Female','sandraschultz@example.org','(322)531-1973x729',2400,17);
INSERT INTO Students VALUES(134,'Kathleen','Perkins','2001-04-12','Female','jesusgarrison@example.com','(394)580-7671x450',2800,6);
INSERT INTO Students VALUES(135,'Kimberly','Rodriguez','2003-07-21','Female','michael37@example.net','164-194-5139x8407',2400,9);
INSERT INTO Students VALUES(136,'Paul','Hicks','1999-12-09','Female','justin76@example.com','+1-417-680-8889x9102',2400,1);
INSERT INTO Students VALUES(137,'Christine','Ayala','2001-12-08','Male','mathewcampbell@example.org','192.691.6033',2500,19);
INSERT INTO Students VALUES(138,'Natalie','Gonzalez','2002-07-10','Male','michelechandler@example.com','567.511.0668x95613',2100,20);
INSERT INTO Students VALUES(139,'Morgan','Matthews','1999-11-04','Female','jacksoncarrie@example.org','(064)126-3361',2400,8);
INSERT INTO Students VALUES(140,'Anthony','Larson','2004-07-10','Male','cherylhill@example.org','629.277.6421',2100,13);
INSERT INTO Students VALUES(141,'John','Moore','2001-12-11','Female','mjones@example.net','001-636-354-8917x41761',2000,2);
INSERT INTO Students VALUES(142,'Benjamin','Jones','2004-07-14','Female','jonesmatthew@example.net','742.311.4385x1770',2200,14);
INSERT INTO Students VALUES(143,'Paula','Walker','1997-09-09','Male','deleonsamuel@example.com','015-863-4178',2300,5);
INSERT INTO Students VALUES(144,'Samuel','Donaldson','2004-04-02','Male','melissa36@example.org','386.674.4131x368',2600,10);
INSERT INTO Students VALUES(145,'Lauren','Cole','2001-07-16','Male','kaylahunt@example.com','001-384-303-2248x0538',2100,10);
INSERT INTO Students VALUES(146,'Craig','Stewart','2000-06-04','Male','kyle37@example.net','001-765-398-3876x33785',2900,15);
INSERT INTO Students VALUES(147,'Brandi','Leonard','2002-03-13','Female','ajennings@example.org','+1-795-922-8876',2500,15);
INSERT INTO Students VALUES(148,'Whitney','Diaz','2001-09-24','Male','bettywebster@example.org','(841)509-7519x038',2400,6);
INSERT INTO Students VALUES(149,'Edward','Frye','2005-05-19','Female','michelle81@example.org','+1-928-688-0910x4347',2900,16);
INSERT INTO Students VALUES(150,'Joseph','Lynn','2003-10-14','Male','emmacarter@example.org','+1-234-759-7792',2300,6);
INSERT INTO Students VALUES(151,'Gabrielle','Decker','2002-11-08','Female','nichole35@example.com','(744)099-9181x2199',2000,12);
INSERT INTO Students VALUES(152,'Michael','Woods','1998-09-25','Male','john51@example.net','425.367.7833x819',2000,3);
INSERT INTO Students VALUES(153,'Mary','Rose','2003-10-13','Female','nicholas10@example.com','888.367.1245x101',2100,7);
INSERT INTO Students VALUES(154,'Anne','Ruiz','2002-01-24','Female','robert32@example.com','(005)156-6546',2200,2);
INSERT INTO Students VALUES(155,'Mary','Parker','2003-01-28','Male','jonathan06@example.net','001-713-561-5147x25873',2700,7);
INSERT INTO Students VALUES(156,'Ryan','Summers','1997-08-27','Male','erin52@example.org','736.493.6253x21259',2900,6);
INSERT INTO Students VALUES(157,'James','Smith','1998-12-15','Male','frenchgerald@example.org','(359)177-9666x5496',2000,19);
INSERT INTO Students VALUES(158,'Tracy','Johns','2004-02-23','Male','gregory11@example.com','325-773-9176x153',2500,9);
INSERT INTO Students VALUES(159,'Thomas','Blair','2001-12-31','Male','knightcassandra@example.com','+1-453-319-4939x048',2300,4);
INSERT INTO Students VALUES(160,'Albert','Bowen','1998-06-06','Male','joneselizabeth@example.net','722.675.6305x4843',2300,13);
INSERT INTO Students VALUES(161,'Patrick','Stephens','1999-01-22','Male','rrowland@example.org','572.716.8994x8746',2200,8);
INSERT INTO Students VALUES(162,'Victoria','Rodgers','2001-05-09','Male','jhoover@example.net','054-048-1783',2300,4);
INSERT INTO Students VALUES(163,'William','Roberts','2001-03-24','Male','lisadelgado@example.net','(933)695-0160',2500,2);
INSERT INTO Students VALUES(164,'Hayley','Graham','1997-08-18','Female','kathleen78@example.net','954.861.5923x742',2800,20);
INSERT INTO Students VALUES(165,'Carrie','Sanchez','1998-08-30','Male','lbaxter@example.net','(273)463-7501x1590',2300,20);
INSERT INTO Students VALUES(166,'Christopher','Valdez','2001-03-11','Female','robinsonalexandra@example.com','565-950-8427',2000,8);
INSERT INTO Students VALUES(167,'John','Meadows','2004-11-26','Female','patrick58@example.com','238-840-7255x2666',2000,2);
INSERT INTO Students VALUES(168,'Jonathan','Hill','2003-09-16','Female','parkwendy@example.org','001-593-744-0009x0023',2900,11);
INSERT INTO Students VALUES(169,'Thomas','Meadows','2004-10-27','Female','agallagher@example.net','(400)648-4808',2200,13);
INSERT INTO Students VALUES(170,'Richard','Trujillo','1997-08-27','Female','lewiswesley@example.net','3727742224',2700,18);
INSERT INTO Students VALUES(171,'Toni','Harris','1999-11-10','Female','patricksalinas@example.com','+1-727-777-7403x680',2100,20);
INSERT INTO Students VALUES(172,'Tara','Rodgers','2005-06-17','Female','gmartinez@example.com','780.544.7826x3844',2000,7);
INSERT INTO Students VALUES(173,'Samantha','Sweeney','1999-03-29','Female','leslie94@example.net','(197)884-7269x8587',2300,5);
INSERT INTO Students VALUES(174,'Stephanie','Lopez','2000-10-22','Female','rogersrachel@example.net','603.951.6092x06356',2800,4);
INSERT INTO Students VALUES(175,'Tyrone','Ryan','2005-04-23','Male','bpeterson@example.com','404.736.0448x636',2400,10);
INSERT INTO Students VALUES(176,'Jennifer','Reynolds','2001-04-09','Male','charlescole@example.com','+1-935-263-4439x736',2100,7);
INSERT INTO Students VALUES(177,'Willie','Duran','2005-04-16','Female','bshannon@example.net','+1-411-204-7164x050',2900,20);
INSERT INTO Students VALUES(178,'Robert','Briggs','2005-06-18','Male','ranthony@example.com','+1-166-585-3433',2900,18);
INSERT INTO Students VALUES(179,'Gregory','Gonzalez','1999-07-28','Female','gilessheila@example.org','(204)118-6133',2000,7);
INSERT INTO Students VALUES(180,'Andrea','Walton','1997-06-28','Male','shale@example.com','051.718.5131x231',2900,20);
INSERT INTO Students VALUES(181,'Jennifer','Russell','1999-08-11','Female','fletcherstephanie@example.com','001-998-580-9280',2800,4);
INSERT INTO Students VALUES(182,'Eric','Perez','2002-10-05','Male','greenekimberly@example.com','470.855.0623x83865',2000,10);
INSERT INTO Students VALUES(183,'Allison','Garrison','2003-11-10','Male','wclayton@example.com','+1-203-705-1565x62067',2700,19);
INSERT INTO Students VALUES(184,'Paul','White','1998-02-16','Female','ricestephen@example.net','622-637-7047',2300,16);
INSERT INTO Students VALUES(185,'Joanna','Paul','1999-07-06','Female','chadmartinez@example.org','0089935309',2800,10);
INSERT INTO Students VALUES(186,'Jennifer','Moore','1998-05-30','Male','kelsey76@example.org','287-077-0489',2100,2);
INSERT INTO Students VALUES(187,'Natalie','Jimenez','1998-05-21','Male','nbryan@example.net','732-820-9778',2700,17);
INSERT INTO Students VALUES(188,'Darren','Lewis','2002-05-08','Male','cruiz@example.net','001-868-164-0835',2600,13);
INSERT INTO Students VALUES(189,'Kayla','Moody','2004-09-30','Male','kfoster@example.com','736.378.7916x25969',2100,3);
INSERT INTO Students VALUES(190,'Corey','Bennett','2001-02-04','Female','victoriabrooks@example.com','008.267.0470',2000,7);
INSERT INTO Students VALUES(191,'Erica','Mccall','1999-08-07','Female','robinhawkins@example.net','001-689-880-9579',2200,14);
INSERT INTO Students VALUES(192,'Elizabeth','Frey','2000-05-13','Female','fbrown@example.org','(804)940-5510x186',2300,16);
INSERT INTO Students VALUES(193,'Manuel','Tate','1998-07-11','Female','petersonpaul@example.com','766.151.0658x74590',2100,8);
INSERT INTO Students VALUES(194,'Juan','Barnes','2000-12-23','Male','sharpsamuel@example.com','001-480-918-0232x10004',2800,2);
INSERT INTO Students VALUES(195,'James','Lozano','2001-07-04','Female','anna40@example.com','698.182.6703x1891',2200,13);
INSERT INTO Students VALUES(196,'Erin','Bowen','2003-09-14','Male','hhill@example.net','741.403.8757x8391',2000,15);
INSERT INTO Students VALUES(197,'Phillip','Anderson','2002-02-14','Male','todd36@example.com','485-369-1531',2600,3);
INSERT INTO Students VALUES(198,'Kenneth','Robinson','2005-03-05','Male','laura80@example.com','001-610-025-1548x56867',2200,12);
INSERT INTO Students VALUES(199,'Michael','Jones','1999-01-24','Female','ncampbell@example.net','996.641.6547x291',2800,3);
INSERT INTO Students VALUES(200,'Gregory','Pierce','1999-03-05','Female','mccarthyearl@example.net','749.149.7913',2300,14);
INSERT INTO Students VALUES(201,'Erin','Thomas','2003-09-20','Female','joanna76@example.com','001-271-176-0770x018',2500,6);
INSERT INTO Students VALUES(202,'Daniel','Mason','2003-08-19','Female','margaretjennings@example.net','(616)607-6178',2200,10);
INSERT INTO Students VALUES(203,'Tammy','Morgan','2002-11-28','Male','james37@example.net','(941)257-9591',2300,4);
INSERT INTO Students VALUES(204,'Margaret','Reeves','2000-11-14','Male','hunter12@example.org','3078698290',2300,6);
INSERT INTO Students VALUES(205,'Tammie','Griffin','1999-01-02','Male','baileywilliam@example.net','001-125-298-1818',2200,13);
INSERT INTO Students VALUES(206,'Gavin','Fisher','1997-11-26','Female','wedwards@example.net','001-857-742-2931x93589',2100,12);
INSERT INTO Students VALUES(207,'Darren','Wolfe','2002-10-09','Female','phillipsmichael@example.net','913.669.7725x760',2300,10);
INSERT INTO Students VALUES(208,'Karen','Brown','2002-09-01','Female','joblake@example.com','001-009-908-5152',2700,3);
INSERT INTO Students VALUES(209,'Robert','Caldwell','1997-12-25','Female','rwhite@example.com','+1-927-484-6289x99962',2200,2);
INSERT INTO Students VALUES(210,'Ashley','Lewis','1998-03-21','Female','hernandezerin@example.org','+1-458-750-0321x29641',2300,19);
INSERT INTO Students VALUES(211,'Debra','Wood','2005-05-08','Male','rachel75@example.net','(001)785-3280x90685',2900,13);
INSERT INTO Students VALUES(212,'Margaret','Simmons','2001-05-22','Male','cummingsjoshua@example.org','+1-538-409-6805',2700,13);
INSERT INTO Students VALUES(213,'Douglas','Smith','2001-10-31','Female','kaylagarcia@example.com','+1-479-264-8821x70931',2100,9);
INSERT INTO Students VALUES(214,'Alexis','Mcdaniel','2003-06-01','Male','pwilson@example.org','(322)059-7201x227',2700,3);
INSERT INTO Students VALUES(215,'Kimberly','Marquez','2003-02-13','Male','zunigamichael@example.org','473.908.2451',2400,6);
INSERT INTO Students VALUES(216,'Joshua','Contreras','2004-04-16','Female','jjordan@example.com','(536)911-4229',2600,11);
INSERT INTO Students VALUES(217,'Deborah','Cain','2003-02-18','Female','blairstephen@example.net','001-397-307-5383x2434',2200,14);
INSERT INTO Students VALUES(218,'Ronald','Willis','2000-05-02','Male','qhernandez@example.org','(433)348-3809x157',2300,17);
INSERT INTO Students VALUES(219,'Charles','Anderson','2004-01-03','Female','megan96@example.net','721.877.0489x9580',2400,11);
INSERT INTO Students VALUES(220,'Perry','Hanson','2000-12-24','Female','lindapeterson@example.org','001-093-943-9517x5633',2800,8);
INSERT INTO Students VALUES(221,'George','Eaton','1999-08-11','Male','mburns@example.net','+1-864-804-7034x0072',2200,10);
INSERT INTO Students VALUES(222,'Kyle','Jones','2000-07-20','Male','fmartin@example.org','001-887-026-1024x1789',2400,14);
INSERT INTO Students VALUES(223,'Nicholas','Mcintyre','2000-02-04','Male','hardymonica@example.com','+1-522-676-8658',2500,15);
INSERT INTO Students VALUES(224,'Stephen','Harrington','1998-02-09','Male','tiffany82@example.net','(621)605-6586',2400,8);
INSERT INTO Students VALUES(225,'Eric','Roth','1999-01-10','Female','richardsonmichael@example.com','001-694-483-8796',2700,6);
INSERT INTO Students VALUES(226,'William','Johnson','1999-02-18','Female','anne39@example.org','8252174078',2900,9);
INSERT INTO Students VALUES(227,'Patrick','Jensen','1999-05-11','Male','newmanrachael@example.org','+1-354-265-6542x9418',2900,7);
INSERT INTO Students VALUES(228,'Kendra','May','2001-09-26','Male','ayaladillon@example.org','3995251862',2900,15);
INSERT INTO Students VALUES(229,'Timothy','Wong','1997-09-08','Male','meredithbrown@example.com','+1-937-871-4611',2200,13);
INSERT INTO Students VALUES(230,'Preston','Floyd','2004-08-22','Male','jameswhite@example.com','864-651-1133x51830',2200,13);
INSERT INTO Students VALUES(231,'Victor','Burton','2001-11-27','Female','josephgutierrez@example.org','(592)007-4663',2700,16);
INSERT INTO Students VALUES(232,'Stephanie','Walsh','2003-03-20','Female','john90@example.com','+1-003-196-8646x22335',2500,4);
INSERT INTO Students VALUES(233,'Cameron','Fuller','2001-02-21','Male','kathryn64@example.org','001-689-182-3055x75683',2700,3);
INSERT INTO Students VALUES(234,'Allison','Beck','1997-09-27','Female','donald01@example.net','007-107-8471',2800,11);
INSERT INTO Students VALUES(235,'Susan','Potter','2003-03-11','Female','rstewart@example.com','+1-992-729-2102',2800,10);
INSERT INTO Students VALUES(236,'Kimberly','Smith','2003-04-15','Male','cameron55@example.net','+1-103-848-2479x29679',2100,19);
INSERT INTO Students VALUES(237,'Katelyn','Woods','2004-08-23','Female','leonardsheila@example.org','283-093-9816x69811',2900,19);
INSERT INTO Students VALUES(238,'Nicholas','Baker','1998-04-24','Male','orrerin@example.net','988-864-0246x1028',2100,19);
INSERT INTO Students VALUES(239,'Shawn','Russell','1997-07-11','Male','harry47@example.net','488-651-8537x3646',2200,7);
INSERT INTO Students VALUES(240,'Andrew','Dorsey','1999-01-01','Female','dhicks@example.net','7267919699',2300,19);
INSERT INTO Students VALUES(241,'Vincent','Graham','1999-12-03','Female','wthomas@example.com','(967)734-4786x45765',2600,10);
INSERT INTO Students VALUES(242,'Courtney','Robinson','2003-11-10','Female','scarter@example.com','783-033-6311x608',2700,3);
INSERT INTO Students VALUES(243,'Tracy','Powell','2003-11-29','Male','ericajohnson@example.org','+1-162-954-8003x578',2200,6);
INSERT INTO Students VALUES(244,'Regina','Atkins','1998-02-10','Female','nataliewilliams@example.net','112.050.9241',2300,4);
INSERT INTO Students VALUES(245,'Deborah','Turner','1999-06-15','Male','samanthathompson@example.org','520-621-9945x953',2800,12);
INSERT INTO Students VALUES(246,'Jennifer','Smith','2000-10-16','Female','mbrown@example.org','001-150-079-0540',2600,8);
INSERT INTO Students VALUES(247,'Michelle','Villanueva','1998-02-28','Male','leah92@example.org','4914772109',2800,1);
INSERT INTO Students VALUES(248,'Matthew','Perez','1999-08-25','Female','egarcia@example.net','895-952-4961',2600,8);
INSERT INTO Students VALUES(249,'Lance','Morales','2002-01-01','Male','aliciacochran@example.org','+1-453-624-2596',2100,9);
INSERT INTO Students VALUES(250,'Mark','Maldonado','2002-07-14','Male','kenneth43@example.net','(963)978-8061',2000,3);
INSERT INTO Students VALUES(251,'Andrea','Johnson','2002-09-18','Male','pamellis@example.org','755-553-4703',2700,15);
INSERT INTO Students VALUES(252,'Steven','Rangel','1999-07-26','Female','mackchristopher@example.com','(802)948-9449x69458',2900,10);
INSERT INTO Students VALUES(253,'Jimmy','Smith','2001-03-16','Male','manningstephen@example.net','707-635-8112',2100,17);
INSERT INTO Students VALUES(254,'Brian','Fields','2005-03-30','Male','janeparsons@example.net','(796)400-7646',2700,16);
INSERT INTO Students VALUES(255,'Jared','Gordon','2000-04-23','Male','dfreeman@example.net','022.547.4882',2100,13);
INSERT INTO Students VALUES(256,'George','Lambert','2000-05-09','Female','sergiobenton@example.org','170-823-7426',2100,7);
INSERT INTO Students VALUES(257,'Robert','Kim','2005-05-25','Male','alexis23@example.net','499.609.0984',2300,19);
INSERT INTO Students VALUES(258,'Kimberly','Solomon','2004-08-12','Female','skelly@example.org','+1-363-309-9413x619',2900,15);
INSERT INTO Students VALUES(259,'Ronald','Alexander','1998-08-14','Female','emilyvang@example.com','(022)025-3493',2000,5);
INSERT INTO Students VALUES(260,'Amanda','Williams','1999-08-09','Female','cjones@example.org','+1-241-236-0491x54925',2400,16);
INSERT INTO Students VALUES(261,'Dennis','Gonzales','2003-12-06','Male','graybrandon@example.net','001-981-103-2317',2600,14);
INSERT INTO Students VALUES(262,'Elizabeth','Jennings','2004-05-17','Female','ethan58@example.net','001-317-365-3254x6313',2500,7);
INSERT INTO Students VALUES(263,'Lisa','Contreras','1999-07-01','Male','jensenkathryn@example.org','(374)794-6205x346',2100,4);
INSERT INTO Students VALUES(264,'Andrea','Powers','2003-11-07','Female','sabrina61@example.com','001-760-590-3759',2700,15);
INSERT INTO Students VALUES(265,'Luis','Davenport','2000-11-29','Female','thompsonashley@example.net','904-981-8876x71425',2600,8);
INSERT INTO Students VALUES(266,'Kimberly','Hale','2004-02-18','Female','timothydaniel@example.org','+1-840-882-9845x2133',2400,8);
INSERT INTO Students VALUES(267,'Kimberly','Wilson','2004-08-30','Female','alvarezdiana@example.net','(631)101-8296x337',2300,1);
INSERT INTO Students VALUES(268,'Jacqueline','Day','2002-01-17','Female','jennifer79@example.net','583.233.5622',2100,16);
INSERT INTO Students VALUES(269,'Trevor','Watson','2001-12-14','Male','jasonrobinson@example.net','(386)102-8940x6214',2700,13);
INSERT INTO Students VALUES(270,'Samantha','Johnson','1997-10-22','Female','denise38@example.com','+1-310-331-7889',2800,14);
INSERT INTO Students VALUES(271,'Brandon','Ford','2001-04-11','Male','rsmith@example.com','001-869-455-3290x82038',2200,17);
INSERT INTO Students VALUES(272,'Laura','Hunt','2001-02-11','Female','kpalmer@example.org','(624)470-8281',2400,3);
INSERT INTO Students VALUES(273,'Michelle','Martin','1999-12-24','Male','tschmitt@example.com','3741460713',2000,3);
INSERT INTO Students VALUES(274,'Claire','Wong','2003-03-26','Female','bcook@example.net','(748)299-1708',2100,11);
INSERT INTO Students VALUES(275,'Morgan','Gomez','1998-04-15','Female','karenpotter@example.org','001-287-322-1496x436',2100,17);
INSERT INTO Students VALUES(276,'Eric','Oneill','2002-01-01','Male','kirkwilliam@example.com','(389)048-2487x8241',2700,11);
INSERT INTO Students VALUES(277,'Isaac','Wood','2000-01-25','Male','travisgray@example.com','8661550626',2700,13);
INSERT INTO Students VALUES(278,'Elizabeth','Smith','1998-04-11','Female','elizabethmartin@example.net','490.222.9479x09518',2000,5);
INSERT INTO Students VALUES(279,'Jason','Guzman','1997-08-08','Male','phyllis20@example.org','001-569-972-6955',2300,11);
INSERT INTO Students VALUES(280,'Lori','Espinoza','2004-12-31','Male','martinjasmine@example.com','+1-188-227-4620x24253',2100,12);
INSERT INTO Students VALUES(281,'Terri','Mccoy','1999-08-09','Female','andersonchristopher@example.com','+1-845-675-5673x30790',2800,9);
INSERT INTO Students VALUES(282,'Adam','Carlson','1999-04-17','Female','heather03@example.org','8669643116',2800,3);
INSERT INTO Students VALUES(283,'Danielle','Preston','1999-06-19','Female','grahamsusan@example.com','176-342-1530',2000,7);
INSERT INTO Students VALUES(284,'Arthur','Webster','2003-07-16','Male','james93@example.com','999-909-0583',2300,2);
INSERT INTO Students VALUES(285,'Pamela','Sims','1998-01-03','Male','uhunt@example.com','667-251-6290x12964',2900,18);
INSERT INTO Students VALUES(286,'Stephanie','Collins','1998-06-09','Female','avilamelissa@example.com','+1-937-764-5182x19276',2700,11);
INSERT INTO Students VALUES(287,'Veronica','Brooks','1998-11-23','Female','jeremy90@example.org','779-133-0245',2200,3);
INSERT INTO Students VALUES(288,'Lauren','Johnson','2000-01-26','Female','whitemelanie@example.com','516-496-1227',2600,20);
INSERT INTO Students VALUES(289,'Lauren','Cooke','2001-03-30','Male','melissadavis@example.org','001-985-067-7148x630',2500,20);
INSERT INTO Students VALUES(290,'Kelsey','Pope','1999-09-13','Male','brucejames@example.com','167.282.9074',2400,11);
INSERT INTO Students VALUES(291,'Elizabeth','Torres','2002-12-31','Male','milesaustin@example.net','001-274-199-3188x2738',2500,17);
INSERT INTO Students VALUES(292,'Jonathan','Thompson','1999-02-13','Female','timothy54@example.com','001-652-257-3244x7161',2100,1);
INSERT INTO Students VALUES(293,'Judy','Cunningham','2000-09-27','Female','lisamendez@example.org','(587)092-8578x02124',2000,17);
INSERT INTO Students VALUES(294,'Brooke','Pratt','1999-12-25','Female','ngillespie@example.net','040.189.2014x53191',2300,11);
INSERT INTO Students VALUES(295,'Kurt','Whitney','1998-07-15','Male','tnelson@example.org','+1-194-976-0938',2200,4);
INSERT INTO Students VALUES(296,'Ralph','Lowery','2003-11-04','Female','nelsonmichael@example.com','+1-374-714-3066x10569',2200,6);
INSERT INTO Students VALUES(297,'Patrick','Houston','2004-03-16','Female','karen86@example.com','(238)798-0200x696',2900,3);
INSERT INTO Students VALUES(298,'Rebecca','Matthews','1997-12-01','Female','hunterkenneth@example.net','(738)210-8663',2800,20);
INSERT INTO Students VALUES(299,'Nancy','Kim','2003-06-08','Female','james36@example.net','+1-391-312-7870x6877',2700,3);
INSERT INTO Students VALUES(300,'Ashley','Floyd','2002-01-21','Male','jonestammy@example.com','+1-458-226-9814x50451',2500,9);
CREATE TABLE Professors (
        ProfessorId INTEGER PRIMARY KEY,
        FirstName TEXT,
        LastName TEXT,
        DateOfBirth DATE,
        Gender TEXT,
        Email TEXT,
        PhoneNumber TEXT,
        Payment INTEGER,
        DepartmentId INTEGER,
        FOREIGN KEY (DepartmentId) REFERENCES Departments(DepartmentId)
    );
INSERT INTO Professors VALUES(1,'William','Alvarez','1968-01-09','Female','lwhite@example.org','909-737-3692',7700,3);
INSERT INTO Professors VALUES(2,'Randy','Woodward','1989-10-25','Male','paul55@example.net','001-526-036-5885x70981',7400,2);
INSERT INTO Professors VALUES(3,'Kirk','King','1967-02-13','Male','rebekah66@example.org','(403)268-8882',6500,9);
INSERT INTO Professors VALUES(4,'Amanda','Mcconnell','1984-10-22','Male','kevin28@example.org','001-679-146-0755x61254',7200,6);
INSERT INTO Professors VALUES(5,'Susan','Lowe','1968-08-07','Female','olsoncory@example.net','053-718-2274x8857',6200,8);
INSERT INTO Professors VALUES(6,'Lisa','Carey','1991-04-09','Female','morrisonashley@example.org','001-740-033-0833',7800,9);
INSERT INTO Professors VALUES(7,'Walter','Lee','1992-04-18','Male','greenjodi@example.org','001-080-641-2976x5321',5400,2);
INSERT INTO Professors VALUES(8,'Jennifer','Davis','1976-12-14','Male','bturner@example.com','509-784-8060',7700,1);
INSERT INTO Professors VALUES(9,'Frederick','Richardson','1978-10-15','Female','matthew71@example.net','268-532-5412',6100,9);
INSERT INTO Professors VALUES(10,'Jay','Leblanc','1986-10-10','Female','dbaker@example.net','245-302-4484',5500,1);
INSERT INTO Professors VALUES(11,'Jeremy','Olson','1974-08-07','Male','jeremymartin@example.org','+1-432-000-2205',6700,3);
INSERT INTO Professors VALUES(12,'Daniel','Jones','1971-02-06','Female','jessica65@example.net','238-928-0507',6800,2);
INSERT INTO Professors VALUES(13,'Jacqueline','Cervantes','1967-09-27','Male','samanthawilson@example.org','+1-430-215-1516',6000,4);
INSERT INTO Professors VALUES(14,'Amanda','Rose','1964-09-26','Male','wilsonsara@example.org','706.560.3767',5500,2);
INSERT INTO Professors VALUES(15,'Lisa','Williams','1992-01-31','Male','watkinsmark@example.org','001-728-652-7373x21517',7600,6);
INSERT INTO Professors VALUES(16,'Louis','Schroeder','1967-03-02','Female','xwhitehead@example.net','342-335-9673x132',5500,7);
INSERT INTO Professors VALUES(17,'Edwin','Smith','1992-02-04','Male','brivera@example.net','001-922-214-0521',7500,5);
INSERT INTO Professors VALUES(18,'Brandon','Davila','1991-07-14','Female','obrienjeffrey@example.net','+1-852-634-4923x70575',7000,7);
INSERT INTO Professors VALUES(19,'Cynthia','Carter','1975-06-19','Female','yeseniawalker@example.org','793.606.3826',7400,4);
INSERT INTO Professors VALUES(20,'Cynthia','Suarez','1978-07-01','Female','amymiles@example.net','+1-872-376-3869',6900,5);
INSERT INTO Professors VALUES(21,'Cheryl','Barr','1970-02-13','Male','brendandowns@example.net','+1-601-901-6770x6961',5600,3);
INSERT INTO Professors VALUES(22,'Daniel','Ward','1988-03-19','Female','jpowell@example.net','(753)901-7670x611',7600,2);
INSERT INTO Professors VALUES(23,'Paula','Burgess','1983-05-28','Female','estradagregory@example.org','121-349-7518x416',7400,3);
INSERT INTO Professors VALUES(24,'Stephen','Clay','1963-11-23','Male','vthompson@example.net','188-032-7807',6900,2);
INSERT INTO Professors VALUES(25,'Kara','Kim','1979-09-04','Female','reevespatricia@example.com','001-871-810-5500x27439',7600,10);
INSERT INTO Professors VALUES(26,'Austin','Jackson','1979-08-29','Female','crawfordryan@example.net','246.087.0032',6000,5);
INSERT INTO Professors VALUES(27,'Charles','Saunders','1987-07-14','Male','cynthia61@example.com','328.132.8527x68729',7900,9);
INSERT INTO Professors VALUES(28,'Scott','Davis','1990-08-03','Female','taylordakota@example.com','755-571-8691x7903',6800,7);
INSERT INTO Professors VALUES(29,'Steven','Harris','1990-11-14','Female','johnny38@example.com','5133475207',5000,9);
INSERT INTO Professors VALUES(30,'Paul','Patel','1975-12-28','Male','coxwanda@example.org','732.905.7532',5100,7);
COMMIT;

